SPKID,SPKID2
CBK90005,MAJ09432
CBK90005,MAJ09434
CBK90005,MAJ09435
CBK90005,MAJ09436
CBK90005,MAJ09437
CBK90005,MAJ09438
CBK90005,MAJ09440
CBK90005,MAJ09441
CBK90005,MAJ09445
CBK90011,SMJ03049
CBK90011,SMJ03050
CBK90011,SMJ03053
CBK90011,SMJ03060
CBK90011,SMJ03433
CBK90011,SMJ09034
CBK90011,SMJ09035
CBK90011,SMJ09036
CBK90011,SMJ10131
CBK90011,SMJ10156
CBK90011,SMJ10157
CBK90011,SMJ10158
CBK90011,SMJ10165
CBK90011,SMJ10166
CBK90011,SMJ10167
CBK90011,SMJ10174
CBK90011,SMJ10175
CBK90011,SMJ10176
CBK90011,SMJ10177
CBK90011,SMJ10188
CBK90011,SMJ10189
CBK90011,SMJ10190
CBK90011,SMJ10195
CBK90011,SMJ10196
CBK90169,MAJ08437
CBK90169,MAJ08438
CBK90169,MAJ08440
CBK90169,MAJ08441
CBK90169,MAJ08442
CBK90169,MAJ08446
CBK90169,MAJ08981
CBK90169,MAJ09209
CBK90170,CBK90171
CBK90170,CBK91014
CBK90170,MAJ02041
CBK90170,MAJ08437
CBK90170,MAJ08438
CBK90170,MAJ08440
CBK90170,MAJ08441
CBK90170,MAJ08442
CBK90170,MAJ08446
CBK90170,MAJ08981
CBK90170,MAJ09209
CBK90170,MAJ09401
CBK90170,SMJ01007
CBK90170,SMJ01009
CBK90170,SMJ01025
CBK90170,SMJ02036
CBK90170,SMJ02037
CBK90170,SMJ08109
CBK90170,SMJ08116
CBK90170,SMJ08120
CBK90170,SMJ08123
CBK90170,SMJ08126
CBK90170,SMJ08128
CBK90170,SMJ08129
CBK90170,SMJ08130
CBK90170,SMJ08131
CBK90170,SMJ08137
CBK90170,SMJ08138
CBK90170,SMJ08139
CBK90170,SMJ08195
CBK90170,SMJ08203
CBK90170,SMJ08204
CBK90170,SMJ08215
CBK90170,SMJ08219
CBK90170,SMJ08223
CBK90170,SMJ09028
CBK90170,SMJ09030
CBK90170,SMJ09033
CBK90170,SMJ09034
CBK90170,SMJ09035
CBK90170,SMJ09036
CBK90170,SMJ09058
CBK90170,SMJ10086
CBK90170,SMJ10159
CBK90173,MAJ03001
CBK90173,MAJ03002
CBK90173,MAJ03005
CBK90173,MAJ03007
CBK90173,MAJ03012
CBK90173,MAJ03472
CBK90173,MAJ03504
CBK90173,MAJ03518
CBK90173,MAJ03523
CBK90173,MAJ03524
CBK90173,MAJ03537
CBK90173,MAJ03540
CBK90173,MAJ03544
CBK90173,MAJ03549
CBK90176,MAJ03025
CBK90176,MAJ03028
CBK90176,MAJ03030
CBK90176,MAJ03505
CBK90176,MAJ03517
CBK90176,MAJ03522
CBK90176,MAJ03525
CBK90176,MAJ03541
CBK90176,MAJ03548
CBK90178,MAJ03134
CBK90178,MAJ03139
CBK90178,MAJ03413
CBK90178,MAJ03507
CBK90178,MAJ03515
CBK90178,MAJ03520
CBK90178,MAJ03527
CBK90178,MAJ03542
CBK90178,MAJ03546
CBK90178,MAJ03547
CBK90186,CBK90187
CBK90186,MAJ02041
CBK90186,MAJ08438
CBK90186,MAJ08440
CBK90186,MAJ08441
CBK90186,MAJ08442
CBK90186,MAJ08446
CBK90186,MAJ08981
CBK90186,MAJ09209
CBK90186,MAJ09401
CBK90186,SMJ01007
CBK90186,SMJ01009
CBK90186,SMJ01025
CBK90186,SMJ02036
CBK90186,SMJ02037
CBK90186,SMJ08109
CBK90186,SMJ08120
CBK90186,SMJ08123
CBK90186,SMJ08126
CBK90186,SMJ08128
CBK90186,SMJ08129
CBK90186,SMJ08130
CBK90186,SMJ08137
CBK90186,SMJ08138
CBK90186,SMJ08139
CBK90186,SMJ08195
CBK90186,SMJ08203
CBK90186,SMJ08204
CBK90186,SMJ08215
CBK90186,SMJ08219
CBK90186,SMJ09028
CBK90186,SMJ09030
CBK90186,SMJ09033
CBK90186,SMJ09034
CBK90186,SMJ09035
CBK90186,SMJ09036
CBK90186,SMJ09058
CBK90186,SMJ10086
CBK90186,SMJ10159
CBK90230,SMJ10196
CBK90284,CBK90246
CBK90284,CBK91194
CBK90284,SMJ03029
CBK90284,SMJ08197
CBK90284,SMJ08198
CBK90284,SMJ09035
CBK90284,SMJ09036
CBK90400,CBK90924
CBK90400,STM90560
CBK90417,CBK90418
CBK90417,CBK90483
CBK90417,CBK90485
CBK90417,CBK90486
CBK90418,CBK90490
CBK90418,CBK90492
CBK90418,CBK90493
CBK90508,CBK90509
CBK90508,SMJ06020
CBK90508,SMJ06023
CBK90508,SMJ06027
CBK90508,SMJ06032
CBK90508,SMJ06033
CBK90508,SMJ06034
CBK90508,SMJ07002
CBK90508,SMJ08194
CBK90571,SMJ10156
CBK90571,SMJ10188
CBK90571,SMJ10189
CBK90571,SMJ10190
CBK90571,SMJ10196
CBK90572,MAJ01100
CBK90573,MAJ01103
CBK90573,MAJ01105
CBK90574,MAJ01110
CBK90575,CBK92137
CBK90575,SMJ01031
CBK90575,SMJ02054
CBK90575,SMJ10030
CBK90585,MAJ01079
CBK90585,MAJ01080
CBK90585,MAJ01082
CBK90585,MAJ01112
CBK90585,MAJ01114
CBK90585,MAJ01116
CBK90585,MAJ01117
CBK90586,MAJ01087
CBK90586,MAJ01088
CBK90586,MAJ01089
CBK90586,MAJ01095
CBK90586,MAJ01119
CBK90586,MAJ01120
CBK90597,STM90504
CBK90597,STM90505
CBK90606,CBK92069
CBK90622,SMJ10160
CBK90644,MAJ01124
CBK90644,MAJ01177
CBK90644,MAJ01181
CBK90644,MAJ03470
CBK90644,MAJ05004
CBK90644,MAJ06254
CBK90645,MAJ08046
CBK90645,MAJ08060
CBK90645,MAJ08063
CBK90645,MAJ08993
CBK90645,MAJ09402
CBK90646,CBK90171
CBK90646,SMJ01007
CBK90646,SMJ01009
CBK90646,SMJ01025
CBK90646,SMJ02036
CBK90646,SMJ02037
CBK90646,SMJ08109
CBK90646,SMJ08116
CBK90646,SMJ08120
CBK90646,SMJ08123
CBK90646,SMJ08126
CBK90646,SMJ08128
CBK90646,SMJ08129
CBK90646,SMJ08130
CBK90646,SMJ08131
CBK90646,SMJ08137
CBK90646,SMJ08138
CBK90646,SMJ08139
CBK90646,SMJ08195
CBK90646,SMJ08203
CBK90646,SMJ08204
CBK90646,SMJ08215
CBK90646,SMJ08219
CBK90646,SMJ08223
CBK90646,SMJ09028
CBK90646,SMJ09030
CBK90646,SMJ09033
CBK90646,SMJ09034
CBK90646,SMJ09035
CBK90646,SMJ09036
CBK90646,SMJ09058
CBK90646,SMJ10086
CBK90646,SMJ10159
CBK90653,STM90678
CBK90653,STM91004
CBK90653,STM91005
CBK90653,STM91006
CBK90653,STM91007
CBK90655,MAJ01101
CBK90656,CBK92069
CBK90679,STM90523
CBK90679,STM90524
CBK90715,CBK90714
CBK90715,STM90898
CBK90715,STM90899
CBK90715,STM90900
CBK90715,STM90901
CBK90715,STM90903
CBK90715,STM90904
CBK90715,STM90906
CBK90715,STM90908
CBK90715,STM90910
CBK90715,STM90911
CBK90715,STM91238
CBK90715,STM91304
CBK90715,STM91410
CBK90715,STM91820
CBK90717,STM90912
CBK90717,STM90913
CBK90717,STM90914
CBK90717,STM90915
CBK90718,MAJ03490
CBK90718,MAJ03491
CBK90718,MAJ03492
CBK90718,MAJ03493
CBK90718,MAJ03495
CBK90718,MAJ03496
CBK90718,MAJ03498
CBK90718,MAJ03500
CBK90718,MAJ03502
CBK90718,MAJ03503
CBK90718,MAJ03529
CBK90718,MAJ03532
CBK90718,MAJ03536
CBK90718,MAJ03552
CBK90718,STM90916
CBK90743,SMJ10196
CBK90781,MAJ02080
CBK90781,MAJ02081
CBK90781,MAJ02092
CBK90781,MAJ03444
CBK90781,MAJ03445
CBK90782,CBK90783
CBK90782,CBK90784
CBK90782,MAJ02080
CBK90782,MAJ02081
CBK90782,MAJ02092
CBK90782,MAJ03444
CBK90782,MAJ03445
CBK90782,MAJ08965
CBK90782,MAJ08966
CBK90782,SMJ01010
CBK90782,SMJ01012
CBK90782,SMJ01026
CBK90782,SMJ01032
CBK90782,SMJ02064
CBK90782,SMJ02065
CBK90782,SMJ02066
CBK90782,SMJ02067
CBK90782,SMJ03036
CBK90782,SMJ03037
CBK90782,SMJ08197
CBK90782,SMJ08198
CBK90782,SMJ09034
CBK90782,SMJ09035
CBK90782,SMJ09036
CBK90782,SMJ09040
CBK90782,SMJ10156
CBK90782,SMJ10157
CBK90782,SMJ10188
CBK90782,SMJ10189
CBK90782,SMJ10190
CBK90782,SMJ10196
CBK90783,CBK92069
CBK90783,CBK92186
CBK90783,SMJ09034
CBK90783,SMJ09035
CBK90783,SMJ09036
CBK90783,SMJ10156
CBK90783,SMJ10188
CBK90783,SMJ10189
CBK90783,SMJ10190
CBK90783,SMJ10196
CBK90793,STM90210
CBK90793,STM90212
CBK90793,STM90213
CBK90793,STM90798
CBK90793,STM90799
CBK90795,SMJ10085
CBK90798,CBK92137
CBK90798,SMJ01031
CBK90798,SMJ02054
CBK90798,SMJ10031
CBK90801,CBK90232
CBK90801,SMJ01005
CBK90801,SMJ01012
CBK90801,SMJ10031
CBK90812,MAJ08517
CBK90812,MAJ08957
CBK90812,MAJ08964
CBK90861,SMJ08216
CBK90861,SMJ08217
CBK90861,SMJ10095
CBK90861,SMJ10187
CBK90870,STM90781
CBK90877,CBK91935
CBK90877,SMJ10085
CBK90905,MAJ03025
CBK90905,MAJ03028
CBK90905,MAJ03030
CBK90905,MAJ03473
CBK90905,MAJ03505
CBK90905,MAJ03517
CBK90905,MAJ03522
CBK90905,MAJ03525
CBK90905,MAJ03541
CBK90905,MAJ03545
CBK90905,MAJ03548
CBK90908,MAJ01133
CBK90908,MAJ01135
CBK90908,MAJ01182
CBK90908,MAJ01183
CBK90908,MAJ05005
CBK90908,MAJ06258
CBK90909,STM90836
CBK90909,STM90837
CBK90911,MAJ06216
CBK90911,MAJ06234
CBK90911,STM90838
CBK90928,CBK90929
CBK90928,CBK90930
CBK90931,CBK90929
CBK90954,MAJ03001
CBK90954,MAJ03005
CBK90954,MAJ03007
CBK90954,MAJ03472
CBK90954,MAJ03504
CBK90954,MAJ03518
CBK90954,MAJ03523
CBK90954,MAJ03524
CBK90954,MAJ03540
CBK90954,MAJ03544
CBK90954,MAJ03549
CBK90967,MAJ03476
CBK90967,MAJ03477
CBK90967,MAJ03478
CBK90967,MAJ03479
CBK90967,MAJ03481
CBK90967,MAJ03482
CBK90967,MAJ03484
CBK90967,MAJ03486
CBK90967,MAJ03488
CBK90967,MAJ03489
CBK90967,MAJ03528
CBK90967,MAJ03531
CBK90967,MAJ03535
CBK90967,MAJ03553
CBK90967,STM90868
CBK90969,STM91415
CBK90969,STM91416
CBK90969,STM91417
CBK90996,STM91418
CBK90996,STM91419
CBK90996,STM91420
CBK90997,CBK90983
CBK90997,SMJ03430
CBK90997,SMJ10053
CBK90997,SMJ10054
CBK90997,SMJ10055
CBK90997,SMJ10056
CBK90997,SMJ10058
CBK90997,SMJ10059
CBK90997,SMJ10061
CBK90997,SMJ10063
CBK90997,SMJ10065
CBK90997,SMJ10066
CBK90997,SMJ10094
CBK90997,SMJ10124
CBK90997,SMJ10197
CBK90998,CBK90999
CBK90998,STM90884
CBK90998,STM90885
CBK90998,STM90886
CBK90998,STM90887
CBK90998,STM90889
CBK90998,STM90890
CBK90998,STM90892
CBK90998,STM90894
CBK90998,STM90896
CBK90998,STM90897
CBK90998,STM91239
CBK90998,STM91305
CBK90998,STM91409
CBK90998,STM91821
CBK91013,MAJ08975
CBK91013,MAJ08976
CBK91013,MAJ08980
CBK91015,MAJ03476
CBK91015,MAJ03477
CBK91015,MAJ03478
CBK91015,MAJ03479
CBK91015,MAJ03481
CBK91015,MAJ03482
CBK91015,MAJ03484
CBK91015,MAJ03486
CBK91015,MAJ03488
CBK91015,MAJ03489
CBK91015,MAJ03528
CBK91015,MAJ03531
CBK91015,MAJ03535
CBK91015,MAJ03553
CBK91015,STM90868
CBK91024,CBK91025
CBK91024,STM90963
CBK91024,STM90964
CBK91024,STM90965
CBK91024,STM90966
CBK91024,STM90967
CBK91024,STM91236
CBK91036,CBK91037
CBK91036,STM90969
CBK91036,STM90970
CBK91036,STM90971
CBK91036,STM90972
CBK91036,STM90973
CBK91036,STM91235
CBK91046,CBK91043
CBK91046,MAJ02082
CBK91046,MAJ02083
CBK91046,MAJ02084
CBK91046,MAJ02085
CBK91046,MAJ02086
CBK91046,MAJ02093
CBK91047,STM91028
CBK91047,STM91029
CBK91047,STM91030
CBK91053,CBK91054
CBK91053,SMJ10069
CBK91053,SMJ10070
CBK91053,SMJ10071
CBK91053,SMJ10072
CBK91053,SMJ10073
CBK91053,SMJ10093
CBK91060,STM90981
CBK91060,STM90982
CBK91060,STM90983
CBK91061,CBK91037
CBK91061,MAJ02087
CBK91061,MAJ02088
CBK91061,MAJ02089
CBK91061,MAJ02090
CBK91061,MAJ02091
CBK91061,MAJ02094
CBK91065,CBK90509
CBK91065,SMJ06020
CBK91065,SMJ06027
CBK91065,SMJ06032
CBK91065,SMJ06033
CBK91065,SMJ07002
CBK91065,SMJ08194
CBK91079,CBK90171
CBK91079,MAJ02041
CBK91079,MAJ08438
CBK91079,MAJ08441
CBK91079,MAJ08446
CBK91079,MAJ08979
CBK91079,MAJ09401
CBK91079,SMJ01007
CBK91079,SMJ01009
CBK91079,SMJ01025
CBK91079,SMJ02036
CBK91079,SMJ02037
CBK91079,SMJ08109
CBK91079,SMJ08128
CBK91079,SMJ08129
CBK91079,SMJ08130
CBK91079,SMJ08137
CBK91079,SMJ08138
CBK91079,SMJ08139
CBK91079,SMJ08204
CBK91079,SMJ09030
CBK91079,SMJ09033
CBK91079,SMJ09034
CBK91079,SMJ09035
CBK91079,SMJ09036
CBK91080,SMJ10196
CBK91102,STM91056
CBK91102,STM91057
CBK91102,STM91059
CBK91145,CBK91146
CBK91145,SMJ01047
CBK91148,MAJ03512
CBK91148,MAJ03513
CBK91148,MAJ03514
CBK91148,MAJ03530
CBK91148,MAJ03533
CBK91148,MAJ03534
CBK91148,MAJ03539
CBK91159,CBK91166
CBK91159,STM91135
CBK91159,STM91136
CBK91159,STM91137
CBK91160,CBK91167
CBK91160,STM91138
CBK91161,STM91139
CBK91162,CBK91170
CBK91162,CBK91171
CBK91163,CBK91172
CBK91163,CBK91173
CBK91164,CBK91177
CBK91164,STM91145
CBK91205,CBK90509
CBK91205,SMJ06020
CBK91205,SMJ06023
CBK91205,SMJ06027
CBK91205,SMJ06032
CBK91205,SMJ06033
CBK91205,SMJ06034
CBK91205,SMJ08194
CBK91206,CBK90509
CBK91206,SMJ06023
CBK91206,SMJ06027
CBK91206,SMJ06032
CBK91206,SMJ06033
CBK91206,SMJ08194
CBK91218,CBK91077
CBK91219,CBK91077
CBK91220,MAJ01156
CBK91220,MAJ02080
CBK91220,MAJ02092
CBK91220,MAJ02900
CBK91220,MAJ02901
CBK91220,MAJ03445
CBK91220,MAJ03519
CBK91220,MAJ10053
CBK91225,MAJ01148
CBK91225,MAJ01149
CBK91225,MAJ01150
CBK91225,MAJ01151
CBK91230,MAJ01152
CBK91230,MAJ01153
CBK91230,MAJ01154
CBK91230,MAJ01155
CBK91236,MAJ01159
CBK91236,MAJ01160
CBK91261,MAJ08975
CBK91261,MAJ08976
CBK91266,MAJ07100
CBK91266,MAJ07104
CBK91266,MAJ07135
CBK91729,CBK90922
CBK91729,MAJ09443
CBK91730,CBK91100
CBK91731,CBK91730
CBK91731,MAJ09444
CBK91732,CBK91733
CBK91732,STM91225
CBK91732,STM91226
CBK91732,STM91227
CBK91733,CBK91737
CBK91733,STM91223
CBK91733,STM91224
CBK91739,CBK91733
CBK91751,STM91258
CBK91751,STM91259
CBK91751,STM91260
CBK91751,STM91262
CBK91761,STM91278
CBK91761,STM91279
CBK91763,CBK91762
CBK91767,CBK91794
CBK91781,STM91306
CBK91781,STM91307
CBK91781,STM91308
CBK91781,STM91309
CBK91781,STM91718
CBK91785,CBK90861
CBK91786,SMJ02064
CBK91786,SMJ02065
CBK91786,SMJ02067
CBK91786,SMJ03036
CBK91786,SMJ03037
CBK91786,SMJ10188
CBK91786,SMJ10189
CBK91786,SMJ10190
CBK91786,SMJ10196
CBK91791,CBK91793
CBK91791,STM91056
CBK91791,STM91057
CBK91791,STM91059
CBK91795,STM91329
CBK91795,STM91330
CBK91795,STM91331
CBK91795,STM91332
CBK91796,STM91333
CBK91796,STM91334
CBK91796,STM91336
CBK91796,STM91337
CBK91796,STM91338
CBK91797,MAJ07107
CBK91797,MAJ07108
CBK91797,MAJ07109
CBK91797,MAJ07110
CBK91798,MAJ07111
CBK91798,MAJ07112
CBK91798,MAJ07113
CBK91798,MAJ07115
CBK91798,MAJ07116
CBK91798,MAJ07117
CBK91799,MAJ07118
CBK91799,MAJ07119
CBK91802,STM91344
CBK91802,STM91345
CBK91803,CBK91804
CBK91803,STM91346
CBK91803,STM91347
CBK91803,STM91348
CBK91803,STM91349
CBK91803,STM91350
CBK91803,STM91351
CBK91803,STM91352
CBK91806,CBK91804
CBK91806,STM91346
CBK91806,STM91347
CBK91806,STM91348
CBK91806,STM91349
CBK91806,STM91350
CBK91806,STM91351
CBK91806,STM91352
CBK91819,CBK91818
CBK91823,STM91378
CBK91826,CBK92240
CBK91837,STM91385
CBK91837,STM91386
CBK91848,CBK91846
CBK91850,CBK91849
CBK91850,CBK91854
CBK91850,SMJ01052
CBK91850,SMJ01053
CBK91850,SMJ02038
CBK91850,SMJ08037
CBK91850,SMJ08038
CBK91850,SMJ08066
CBK91850,SMJ08075
CBK91850,SMJ08098
CBK91850,SMJ08148
CBK91850,SMJ08153
CBK91850,SMJ08155
CBK91850,SMJ08184
CBK91850,SMJ08201
CBK91850,SMJ08202
CBK91850,SMJ08207
CBK91850,SMJ08208
CBK91850,SMJ08209
CBK91850,SMJ08213
CBK91850,SMJ09035
CBK91850,SMJ09037
CBK91850,SMJ10087
CBK91850,SMJ10099
CBK91850,SMJ10103
CBK91850,SMJ10104
CBK91850,SMJ10105
CBK91850,SMJ10106
CBK91850,SMJ10107
CBK91850,SMJ10108
CBK91850,SMJ10109
CBK91850,SMJ10110
CBK91850,SMJ10111
CBK91850,SMJ10112
CBK91850,SMJ10113
CBK91850,SMJ10118
CBK91850,SMJ10122
CBK91850,SMJ10123
CBK91850,SMJ10148
CBK91850,SMJ10151
CBK91851,STM91388
CBK91851,STM91389
CBK91856,CBK91857
CBK91856,CBK91858
CBK91856,CBK91859
CBK91856,CBK91860
CBK91856,CBK91861
CBK91856,CBK91862
CBK91866,STM91398
CBK91866,STM91399
CBK91866,STM91400
CBK91866,STM91401
CBK91868,CBK91849
CBK91868,CBK91869
CBK91868,SMJ01052
CBK91868,SMJ01053
CBK91868,SMJ02038
CBK91868,SMJ08037
CBK91868,SMJ08038
CBK91868,SMJ08066
CBK91868,SMJ08075
CBK91868,SMJ08098
CBK91868,SMJ08148
CBK91868,SMJ08153
CBK91868,SMJ08155
CBK91868,SMJ08184
CBK91868,SMJ08201
CBK91868,SMJ08202
CBK91868,SMJ08207
CBK91868,SMJ08208
CBK91868,SMJ08209
CBK91868,SMJ08213
CBK91868,SMJ09035
CBK91868,SMJ09037
CBK91868,SMJ10087
CBK91868,SMJ10099
CBK91868,SMJ10103
CBK91868,SMJ10104
CBK91868,SMJ10105
CBK91868,SMJ10106
CBK91868,SMJ10107
CBK91868,SMJ10108
CBK91868,SMJ10109
CBK91868,SMJ10110
CBK91868,SMJ10111
CBK91868,SMJ10112
CBK91868,SMJ10113
CBK91868,SMJ10118
CBK91868,SMJ10122
CBK91868,SMJ10123
CBK91868,SMJ10151
CBK91870,CBK91869
CBK91870,SMJ02038
CBK91870,SMJ08037
CBK91870,SMJ08201
CBK91870,SMJ10028
CBK91870,SMJ10099
CBK91870,SMJ10104
CBK91870,SMJ10107
CBK91870,SMJ10108
CBK91870,SMJ10109
CBK91870,SMJ10110
CBK91870,SMJ10111
CBK91870,SMJ10112
CBK91870,SMJ10113
CBK91870,SMJ10123
CBK91870,SMJ10148
CBK91875,STM91306
CBK91875,STM91307
CBK91875,STM91308
CBK91875,STM91309
CBK91875,STM91718
CBK91885,MAJ06239
CBK91885,MAJ06241
CBK91885,MAJ06242
CBK91885,STM91438
CBK91888,CBK91889
CBK91888,MAJ06243
CBK91888,MAJ06244
CBK91888,SMJ10128
CBK91888,SMJ10129
CBK91888,SMJ10130
CBK91894,STM91450
CBK91894,STM91451
CBK91903,CBK90216
CBK91903,MAJ02902
CBK91903,MAJ08983
CBK91903,MAJ08984
CBK91903,MAJ08985
CBK91903,MAJ08986
CBK91903,MAJ08987
CBK91903,MAJ08988
CBK91903,MAJ08989
CBK91903,MAJ08990
CBK91903,MAJ08991
CBK91903,MAJ09446
CBK91903,MAJ10057
CBK91903,SMJ02038
CBK91903,SMJ08037
CBK91903,SMJ08038
CBK91903,SMJ08066
CBK91903,SMJ08075
CBK91903,SMJ08084
CBK91903,SMJ08086
CBK91903,SMJ08098
CBK91903,SMJ08111
CBK91903,SMJ08147
CBK91903,SMJ08148
CBK91903,SMJ08153
CBK91903,SMJ08155
CBK91903,SMJ08205
CBK91903,SMJ08208
CBK91903,SMJ08209
CBK91903,SMJ08213
CBK91903,SMJ09037
CBK91903,SMJ10028
CBK91903,SMJ10076
CBK91903,SMJ10087
CBK91903,SMJ10161
CBK91904,CBK91834
CBK91904,CBK91905
CBK91904,SMJ02038
CBK91904,SMJ08037
CBK91904,SMJ08038
CBK91904,SMJ08066
CBK91904,SMJ08075
CBK91904,SMJ08084
CBK91904,SMJ08086
CBK91904,SMJ08098
CBK91904,SMJ08111
CBK91904,SMJ08147
CBK91904,SMJ08148
CBK91904,SMJ08153
CBK91904,SMJ08155
CBK91904,SMJ08205
CBK91904,SMJ08208
CBK91904,SMJ08209
CBK91904,SMJ08213
CBK91904,SMJ09037
CBK91904,SMJ10028
CBK91904,SMJ10076
CBK91904,SMJ10087
CBK91909,MAJ06245
CBK91909,MAJ06246
CBK91909,MAJ06247
CBK91909,MAJ06248
CBK91909,MAJ06249
CBK91909,STM91563
CBK91910,STM91467
CBK91910,STM91468
CBK91910,STM91469
CBK91910,STM91470
CBK91915,CBK91987
CBK91916,CBK91917
CBK91916,CBK91986
CBK91918,CBK91917
CBK91919,MAJ06213
CBK91919,MAJ06218
CBK91919,MAJ06219
CBK91919,MAJ06251
CBK91919,MAJ06252
CBK91919,MAJ07051
CBK91919,MAJ08955
CBK91919,STM90996
CBK91920,CBK91922
CBK91920,CBK91923
CBK91922,MAJ07122
CBK91922,MAJ07123
CBK91922,MAJ07125
CBK91922,MAJ07127
CBK91922,MAJ07128
CBK91923,MAJ07120
CBK91923,MAJ07121
CBK91923,MAJ07124
CBK91923,MAJ07126
CBK91923,MAJ07129
CBK91923,MAJ07137
CBK91923,MAJ07138
CBK91923,MAJ07139
CBK91923,MAJ07140
CBK91923,MAJ07141
CBK91926,STM91495
CBK91926,STM91496
CBK91926,STM91497
CBK91927,MAJ07131
CBK91927,MAJ07132
CBK91927,MAJ07134
CBK91929,CBK91928
CBK91929,STM91498
CBK91930,MAJ07120
CBK91930,MAJ07122
CBK91930,MAJ07130
CBK91933,MAJ03538
CBK91933,MAJ03542
CBK91933,MAJ03543
CBK91934,CBK91935
CBK91940,STM91504
CBK91940,STM91505
CBK91940,STM91506
CBK91940,STM91507
CBK91940,STM91508
CBK91940,STM91509
CBK91940,STM91510
CBK91940,STM91511
CBK91940,STM91512
CBK91940,STM91513
CBK91943,CBK91946
CBK91943,CBK91949
CBK91943,STM91523
CBK91944,CBK91947
CBK91944,CBK91950
CBK91944,CBK91951
CBK91944,CBK91952
CBK91945,CBK91947
CBK91945,CBK91951
CBK91945,CBK91953
CBK91945,STM91522
CBK91959,STM91524
CBK91959,STM91525
CBK91959,STM91526
CBK91961,STM91565
CBK91966,CBK91967
CBK91966,SMJ10141
CBK91966,SMJ10142
CBK91966,SMJ10143
CBK91966,SMJ10144
CBK91966,SMJ10145
CBK91966,SMJ10146
CBK91966,SMJ10147
CBK91969,CBK92250
CBK91969,SMJ03047
CBK91969,SMJ03049
CBK91969,SMJ03050
CBK91969,SMJ03052
CBK91969,SMJ03053
CBK91969,SMJ03055
CBK91969,SMJ03056
CBK91969,SMJ03058
CBK91969,SMJ03060
CBK91969,SMJ10157
CBK91969,SMJ10162
CBK91969,SMJ10163
CBK91969,SMJ10171
CBK91969,SMJ10172
CBK91969,SMJ10174
CBK91969,SMJ10175
CBK91969,SMJ10176
CBK91969,SMJ10177
CBK91969,SMJ10195
CBK91969,SMJ10196
CBK91970,SMJ02066
CBK91970,SMJ02067
CBK91970,SMJ03037
CBK91970,SMJ03047
CBK91970,SMJ03048
CBK91970,SMJ03049
CBK91970,SMJ03050
CBK91970,SMJ03052
CBK91970,SMJ03053
CBK91970,SMJ03056
CBK91970,SMJ03057
CBK91970,SMJ03058
CBK91970,SMJ03060
CBK91970,SMJ03063
CBK91970,SMJ03065
CBK91970,SMJ03066
CBK91970,SMJ03432
CBK91970,SMJ03433
CBK91970,SMJ10088
CBK91970,SMJ10089
CBK91970,SMJ10090
CBK91970,SMJ10131
CBK91970,SMJ10156
CBK91970,SMJ10157
CBK91970,SMJ10158
CBK91970,SMJ10165
CBK91970,SMJ10166
CBK91970,SMJ10167
CBK91970,SMJ10171
CBK91970,SMJ10172
CBK91970,SMJ10177
CBK91970,SMJ10196
CBK91972,MAJ09447
CBK91972,MAJ09448
CBK91972,MAJ09449
CBK91972,MAJ09450
CBK91972,MAJ09451
CBK91972,MAJ09452
CBK91983,STM91545
CBK91983,STM91546
CBK91983,STM91547
CBK91983,STM91548
CBK91984,CBK91985
CBK91984,MAJ10055
CBK91984,MAJ10056
CBK91993,MAJ08992
CBK91993,STM91553
CBK91993,STM91556
CBK91993,STM91770
CBK91995,STM91559
CBK91995,STM91560
CBK91999,CBK92000
CBK91999,CBK92001
CBK92006,MAJ06253
CBK92006,SMJ10149
CBK92006,STM91562
CBK92010,CBK90171
CBK92010,CBK91014
CBK92010,MAJ08975
CBK92010,MAJ08976
CBK92010,MAJ08980
CBK92010,SMJ08128
CBK92010,SMJ08220
CBK92010,SMJ08221
CBK92010,SMJ08223
CBK92010,SMJ10096
CBK92010,SMJ10097
CBK92011,CBK90171
CBK92011,CBK91014
CBK92011,MAJ08975
CBK92011,MAJ08976
CBK92011,SMJ08128
CBK92011,SMJ08220
CBK92011,SMJ08221
CBK92013,CBK91985
CBK92013,MAJ10055
CBK92013,MAJ10056
CBK92016,CBK92128
CBK92016,SMJ10168
CBK92020,STM91567
CBK92020,STM91580
CBK92026,STM91588
CBK92026,STM91589
CBK92026,STM91590
CBK92026,STM91591
CBK92026,STM91592
CBK92026,STM91593
CBK92027,STM90356
CBK92027,STM91595
CBK92030,STM91599
CBK92030,STM91600
CBK92030,STM91601
CBK92030,STM91602
CBK92031,STM91603
CBK92031,STM91604
CBK92031,STM91605
CBK92031,STM91606
CBK92033,STM91607
CBK92033,STM91608
CBK92033,STM91609
CBK92033,STM91610
CBK92034,STM91611
CBK92034,STM91612
CBK92034,STM91613
CBK92034,STM91614
CBK92034,STM91615
CBK92034,STM91616
CBK92035,STM91617
CBK92035,STM91618
CBK92035,STM91619
CBK92035,STM91620
CBK92035,STM91621
CBK92035,STM91622
CBK92041,CBK92044
CBK92041,CBK92045
CBK92042,CBK92043
CBK92042,SMJ09035
CBK92043,CBK92237
CBK92043,CBK92238
CBK92044,MAJ01151
CBK92044,MAJ10059
CBK92045,CBK92042
CBK92045,MAJ10058
CBK92045,MAJ10060
CBK92045,MAJ10061
CBK92046,MAJ01169
CBK92046,MAJ01172
CBK92048,STM91633
CBK92048,STM91634
CBK92049,CBK91947
CBK92049,CBK91950
CBK92049,CBK91951
CBK92049,CBK92050
CBK92049,CBK92051
CBK92055,CBK92069
CBK92056,STM91644
CBK92056,STM91645
CBK92057,MAJ09453
CBK92057,MAJ09454
CBK92057,MAJ09455
CBK92057,MAJ09456
CBK92057,MAJ09457
CBK92057,MAJ09458
CBK92058,MAJ09470
CBK92058,MAJ09471
CBK92058,MAJ09472
CBK92058,MAJ09473
CBK92058,MAJ09474
CBK92058,MAJ09475
CBK92061,CBK92063
CBK92061,CBK92064
CBK92062,CBK92067
CBK92062,CBK92068
CBK92063,MAJ09477
CBK92063,MAJ09478
CBK92063,MAJ09479
CBK92063,MAJ09480
CBK92063,MAJ09482
CBK92064,CBK92065
CBK92064,CBK92066
CBK92065,STM91658
CBK92065,STM91659
CBK92065,STM91660
CBK92065,STM91661
CBK92065,STM91673
CBK92067,CBK92070
CBK92068,CBK92069
CBK92074,STM91649
CBK92074,STM91662
CBK92074,STM91663
CBK92075,STM91650
CBK92075,STM91662
CBK92075,STM91663
CBK92076,STM91651
CBK92076,STM91662
CBK92076,STM91663
CBK92077,STM91652
CBK92077,STM91662
CBK92077,STM91663
CBK92078,STM91653
CBK92078,STM91662
CBK92078,STM91663
CBK92079,STM91654
CBK92079,STM91662
CBK92079,STM91663
CBK92080,MAJ09476
CBK92080,MAJ09478
CBK92080,MAJ09479
CBK92080,MAJ09480
CBK92080,MAJ09482
CBK92081,MAJ09476
CBK92081,MAJ09477
CBK92081,MAJ09479
CBK92081,MAJ09480
CBK92081,MAJ09483
CBK92082,MAJ09476
CBK92082,MAJ09477
CBK92082,MAJ09478
CBK92082,MAJ09480
CBK92082,MAJ09484
CBK92083,MAJ09476
CBK92083,MAJ09477
CBK92083,MAJ09478
CBK92083,MAJ09479
CBK92083,MAJ09485
CBK92084,MAJ09476
CBK92084,MAJ09478
CBK92084,MAJ09479
CBK92084,MAJ09480
CBK92084,MAJ09482
CBK92084,MAJ09489
CBK92085,MAJ09476
CBK92085,MAJ09477
CBK92085,MAJ09486
CBK92085,MAJ09487
CBK92085,MAJ09488
CBK92086,STM91659
CBK92086,STM91660
CBK92086,STM91661
CBK92086,STM91671
CBK92086,STM91673
CBK92087,STM91658
CBK92087,STM91659
CBK92087,STM91660
CBK92087,STM91671
CBK92087,STM91701
CBK92088,STM91658
CBK92088,STM91660
CBK92088,STM91661
CBK92088,STM91671
CBK92088,STM91673
CBK92089,STM91658
CBK92089,STM91659
CBK92089,STM91661
CBK92089,STM91671
CBK92089,STM91673
CBK92090,STM91658
CBK92090,STM91659
CBK92090,STM91660
CBK92090,STM91661
CBK92090,STM91671
CBK92090,STM91673
CBK92091,STM91658
CBK92091,STM91660
CBK92091,STM91671
CBK92091,STM91702
CBK92091,STM91703
CBK92092,CBK92080
CBK92092,CBK92098
CBK92093,CBK92081
CBK92093,CBK92099
CBK92094,CBK92082
CBK92094,CBK92100
CBK92095,CBK92083
CBK92095,CBK92101
CBK92096,CBK92084
CBK92096,CBK92102
CBK92097,CBK92085
CBK92097,CBK92103
CBK92098,CBK92066
CBK92098,CBK92086
CBK92099,CBK92066
CBK92099,CBK92087
CBK92100,CBK92066
CBK92100,CBK92088
CBK92101,CBK92066
CBK92101,CBK92089
CBK92102,CBK92066
CBK92102,CBK92090
CBK92103,CBK92066
CBK92103,CBK92091
CBK92106,CBK92104
CBK92106,CBK92105
CBK92107,CBK92070
CBK92108,CBK92069
CBK92109,CBK92106
CBK92109,CBK92107
CBK92109,CBK92108
CBK92122,CBK90387
CBK92127,CBK90783
CBK92127,SMJ10165
CBK92127,SMJ10166
CBK92127,SMJ10167
CBK92129,CBK92130
CBK92129,STM90499
CBK92129,STM91707
CBK92129,STM91709
CBK92129,STM91710
CBK92133,CBK92129
CBK92133,CBK92131
CBK92133,CBK92132
CBK92137,CBK90579
CBK92137,CBK90580
CBK92137,CBK90581
CBK92137,CBK92069
CBK92138,MAJ01173
CBK92138,MAJ01174
CBK92139,STM91712
CBK92139,STM91713
CBK92140,MAJ01175
CBK92140,MAJ01176
CBK92144,MAJ01178
CBK92144,MAJ06255
CBK92145,MAJ01179
CBK92145,MAJ06256
CBK92146,MAJ01180
CBK92146,MAJ06257
CBK92150,SMJ10169
CBK92150,SMJ10170
CBK92160,CBK92158
CBK92160,STM91727
CBK92160,STM91728
CBK92160,STM91731
CBK92160,STM91732
CBK92160,STM91733
CBK92160,STM91801
CBK92160,STM91802
CBK92160,STM91803
CBK92167,STM91744
CBK92167,STM91745
CBK92167,STM91746
CBK92167,STM91747
CBK92167,STM91748
CBK92168,CBK92169
CBK92170,CBK92171
CBK92172,CBK92173
CBK92174,STM91751
CBK92174,STM91752
CBK92176,CBK92169
CBK92176,CBK92175
CBK92178,STM91756
CBK92178,STM91757
CBK92183,CBK92182
CBK92185,MAJ01184
CBK92185,MAJ01185
CBK92185,MAJ01186
CBK92185,MAJ01187
CBK92188,CBK90784
CBK92188,SMJ01032
CBK92188,SMJ02064
CBK92188,SMJ02065
CBK92188,SMJ03036
CBK92188,SMJ03037
CBK92188,SMJ08197
CBK92188,SMJ09034
CBK92188,SMJ09035
CBK92188,SMJ09036
CBK92188,SMJ10156
CBK92188,SMJ10164
CBK92188,SMJ10178
CBK92190,SMJ10179
CBK92190,SMJ10181
CBK92190,SMJ10182
CBK92190,SMJ10184
CBK92190,SMJ10185
CBK92191,SMJ10179
CBK92191,SMJ10180
CBK92191,SMJ10181
CBK92191,SMJ10183
CBK92191,SMJ10184
CBK92191,SMJ10185
CBK92192,SMJ10180
CBK92192,SMJ10182
CBK92192,SMJ10186
CBK92193,CBK90784
CBK92193,SMJ01010
CBK92193,SMJ02065
CBK92193,SMJ02066
CBK92193,SMJ02067
CBK92193,SMJ03036
CBK92193,SMJ03037
CBK92193,SMJ10157
CBK92193,SMJ10188
CBK92193,SMJ10189
CBK92193,SMJ10190
CBK92193,SMJ10196
CBK92194,MAJ02080
CBK92194,MAJ02092
CBK92194,MAJ02900
CBK92194,MAJ02901
CBK92194,MAJ03445
CBK92194,MAJ03519
CBK92194,MAJ10053
CBK92195,CBK92193
CBK92195,CBK92194
CBK92201,STM91768
CBK92201,STM91769
CBK92203,STM91306
CBK92203,STM91307
CBK92203,STM91308
CBK92203,STM91309
CBK92203,STM91718
CBK92205,STM91779
CBK92205,STM91780
CBK92210,CBK92209
CBK92210,STM91783
CBK92212,CBK92211
CBK92212,SMJ10192
CBK92212,SMJ10193
CBK92214,CBK92211
CBK92214,CBK92213
CBK92214,SMJ10192
CBK92214,SMJ10193
CBK92215,CBK92216
CBK92217,CBK92069
CBK92217,CBK92215
CBK92218,CBK92217
CBK92218,SMJ04024
CBK92218,SMJ08197
CBK92218,SMJ08198
CBK92218,SMJ08206
CBK92218,SMJ09035
CBK92218,SMJ09036
CBK92218,SMJ10020
CBK92218,SMJ10139
CBK92219,CBK92216
CBK92220,CBK92069
CBK92220,CBK92219
CBK92221,CBK92220
CBK92221,SMJ04024
CBK92221,SMJ08197
CBK92221,SMJ08198
CBK92221,SMJ08206
CBK92221,SMJ09035
CBK92221,SMJ09036
CBK92221,SMJ10020
CBK92221,SMJ10139
CBK92229,CBK92184
CBK92229,CBK92230
CBK92232,CBK92231
CBK92232,MAJ06259
CBK92232,MAJ06260
CBK92232,MAJ06261
CBK92237,CBK92069
CBK92238,CBK92070
CBK92249,CBK92247
CBK92249,MAJ02095
CBK92249,MAJ02096
MAJ01100,STM91761
MAJ01101,STM91763
MAJ01103,CBK92137
MAJ01105,CBK92137
MAJ01105,CBK92223
MAJ01105,CBK92224
MAJ01110,CBK92069
MAJ01110,STM91762
MAJ01126,CBK90657
MAJ01126,CBK92137
MAJ01126,STM91766
MAJ01173,CBK92069
MAJ01188,SMJ10186
MAJ01188,SMJ10191
MAJ02082,CBK91048
MAJ02082,STM90974
MAJ02083,CBK91049
MAJ02083,STM90975
MAJ02084,CBK91050
MAJ02084,STM90976
MAJ02085,CBK91051
MAJ02085,STM90977
MAJ02086,CBK91052
MAJ02086,STM90978
MAJ02087,CBK91038
MAJ02087,STM90974
MAJ02088,CBK91039
MAJ02088,STM90975
MAJ02089,CBK91040
MAJ02089,STM90976
MAJ02090,CBK91041
MAJ02090,STM90977
MAJ02091,CBK91042
MAJ02091,STM90978
MAJ02093,CBK91743
MAJ02093,STM91234
MAJ02094,CBK91745
MAJ02094,STM91234
MAJ02902,CBK90802
MAJ02902,CBK91954
MAJ02902,STM90695
MAJ03001,CBK92124
MAJ03001,SMJ10162
MAJ03001,SMJ10163
MAJ03002,CBK91895
MAJ03002,STM90848
MAJ03005,CBK91781
MAJ03005,STM91774
MAJ03005,STM91775
MAJ03017,CBK91781
MAJ03017,CBK91783
MAJ03028,CBK91781
MAJ03028,STM91774
MAJ03028,STM91775
MAJ03413,CBK92203
MAJ03413,STM91774
MAJ03413,STM91775
MAJ03470,CBK92134
MAJ03476,CBK90969
MAJ03476,STM90859
MAJ03476,STM90869
MAJ03477,CBK90970
MAJ03477,CBK91788
MAJ03477,STM90859
MAJ03478,CBK90971
MAJ03478,CBK91789
MAJ03478,STM90859
MAJ03479,CBK90972
MAJ03479,CBK91787
MAJ03479,STM90859
MAJ03481,CBK90973
MAJ03481,STM90859
MAJ03481,STM90874
MAJ03482,CBK90974
MAJ03482,STM90859
MAJ03482,STM90875
MAJ03484,CBK90976
MAJ03484,STM90859
MAJ03484,STM90877
MAJ03486,CBK90978
MAJ03486,STM90859
MAJ03486,STM90879
MAJ03488,CBK90980
MAJ03488,STM90859
MAJ03488,STM90881
MAJ03489,CBK90981
MAJ03489,STM90859
MAJ03489,STM90882
MAJ03490,CBK90969
MAJ03490,STM90869
MAJ03491,CBK90970
MAJ03491,CBK91788
MAJ03492,CBK90971
MAJ03492,CBK91789
MAJ03493,CBK90972
MAJ03493,CBK91787
MAJ03495,CBK90973
MAJ03495,STM90874
MAJ03496,CBK90974
MAJ03496,STM90875
MAJ03498,CBK90976
MAJ03498,STM90877
MAJ03500,CBK90978
MAJ03500,STM90879
MAJ03502,CBK90980
MAJ03502,STM90881
MAJ03503,CBK90981
MAJ03503,STM90882
MAJ03512,CBK90969
MAJ03512,STM90869
MAJ03512,STM91121
MAJ03513,CBK90970
MAJ03513,CBK91788
MAJ03513,STM91121
MAJ03514,CBK90976
MAJ03514,STM90877
MAJ03514,STM91121
MAJ03515,CBK92153
MAJ03515,STM91183
MAJ03517,CBK92152
MAJ03517,STM91184
MAJ03518,CBK92152
MAJ03518,STM91185
MAJ03520,CBK91234
MAJ03520,SMJ02065
MAJ03520,SMJ02066
MAJ03520,SMJ02067
MAJ03520,SMJ03067
MAJ03520,SMJ10088
MAJ03520,SMJ10157
MAJ03520,STM91186
MAJ03522,CBK91234
MAJ03522,SMJ02065
MAJ03522,SMJ02066
MAJ03522,SMJ02067
MAJ03522,SMJ03067
MAJ03522,SMJ10088
MAJ03522,SMJ10157
MAJ03522,STM91188
MAJ03523,CBK91234
MAJ03523,SMJ02065
MAJ03523,SMJ02066
MAJ03523,SMJ02067
MAJ03523,SMJ03067
MAJ03523,SMJ10088
MAJ03523,SMJ10157
MAJ03523,STM91189
MAJ03524,CBK92204
MAJ03524,STM91775
MAJ03524,STM91776
MAJ03524,STM91777
MAJ03525,CBK92204
MAJ03525,STM91775
MAJ03525,STM91776
MAJ03525,STM91777
MAJ03527,CBK92204
MAJ03527,STM91775
MAJ03527,STM91777
MAJ03528,CBK91747
MAJ03528,STM90859
MAJ03528,STM91237
MAJ03529,CBK91747
MAJ03529,STM91237
MAJ03530,CBK91747
MAJ03530,STM91121
MAJ03530,STM91237
MAJ03531,STM90859
MAJ03533,STM91121
MAJ03534,CBK91873
MAJ03534,STM91121
MAJ03534,STM91412
MAJ03535,CBK91873
MAJ03535,STM90859
MAJ03535,STM91412
MAJ03536,CBK91873
MAJ03536,STM91412
MAJ03537,CBK92203
MAJ03537,STM91774
MAJ03537,STM91775
MAJ03537,STM91777
MAJ03539,CBK90980
MAJ03539,STM90881
MAJ03539,STM91121
MAJ03540,CBK91080
MAJ03540,CBK91969
MAJ03540,CBK91970
MAJ03541,CBK91969
MAJ03541,CBK91970
MAJ03542,CBK91080
MAJ03542,CBK91970
MAJ03543,STM91596
MAJ03552,CBK92251
MAJ03552,CBK92252
MAJ03553,CBK92251
MAJ03553,CBK92252
MAJ03553,STM90859
MAJ05004,CBK92135
MAJ06213,CBK91932
MAJ06216,CBK90912
MAJ06218,CBK91932
MAJ06219,CBK91932
MAJ06231,CBK91271
MAJ06239,CBK91884
MAJ06245,CBK91906
MAJ06245,STM91460
MAJ06246,CBK92239
MAJ06246,STM91460
MAJ06247,CBK91908
MAJ06247,STM91460
MAJ06248,CBK92003
MAJ06248,STM91460
MAJ06249,CBK91907
MAJ06249,STM91460
MAJ06251,CBK91932
MAJ06252,CBK91932
MAJ06253,CBK92004
MAJ06254,CBK92189
MAJ07051,CBK91932
MAJ07100,CBK91262
MAJ07100,STM91207
MAJ07101,CBK91263
MAJ07101,STM91208
MAJ07102,CBK91264
MAJ07102,STM91209
MAJ07103,CBK91265
MAJ07103,STM91208
MAJ07104,CBK91263
MAJ07104,STM91211
MAJ07107,CBK91793
MAJ07107,CBK91795
MAJ07107,STM91054
MAJ07107,STM91055
MAJ07108,CBK91796
MAJ07108,STM91060
MAJ07109,CBK91793
MAJ07109,CBK91795
MAJ07109,STM91054
MAJ07109,STM91055
MAJ07110,CBK91796
MAJ07110,STM91060
MAJ07111,CBK90869
MAJ07112,CBK90869
MAJ07112,CBK90870
MAJ07113,CBK90869
MAJ07116,CBK90869
MAJ07117,CBK90869
MAJ07118,STM91054
MAJ07118,STM91341
MAJ07119,CBK91751
MAJ07119,CBK91793
MAJ07119,STM91060
MAJ07121,CBK90869
MAJ07121,CBK92033
MAJ07122,CBK91921
MAJ07123,CBK91921
MAJ07123,CBK92030
MAJ07124,CBK90869
MAJ07124,CBK92030
MAJ07124,CBK92034
MAJ07125,CBK91921
MAJ07126,CBK90869
MAJ07126,CBK92031
MAJ07126,CBK92035
MAJ07127,CBK91921
MAJ07127,CBK92031
MAJ07128,CBK91921
MAJ07128,CBK92032
MAJ07129,CBK90869
MAJ07129,CBK92032
MAJ07130,CBK90869
MAJ07131,CBK90869
MAJ07132,CBK92040
MAJ07134,CBK90869
MAJ07135,CBK91938
MAJ07135,STM91503
MAJ07136,CBK91939
MAJ07136,STM91489
MAJ07137,CBK92031
MAJ07137,CBK92035
MAJ07139,CBK91921
MAJ07139,CBK92035
MAJ07140,CBK91921
MAJ07140,CBK92034
MAJ07141,CBK90869
MAJ07142,CBK91921
MAJ07143,CBK91921
MAJ07144,CBK91921
MAJ08517,CBK91219
MAJ08955,CBK91932
MAJ08964,CBK91218
MAJ09401,STM90558
MAJ09401,STM90559
MAJ09432,CBK90483
MAJ09434,CBK90480
MAJ09435,CBK90483
MAJ09436,CBK90485
MAJ09437,CBK90486
MAJ09438,CBK90481
MAJ09440,CBK90484
MAJ09441,CBK90417
MAJ09443,CBK91728
MAJ09445,CBK90484
MAJ09447,CBK90480
MAJ09447,CBK91975
MAJ09447,CBK91976
MAJ09447,CBK91977
MAJ09447,STM91544
MAJ09448,CBK90483
MAJ09448,CBK91975
MAJ09448,CBK91976
MAJ09448,CBK91978
MAJ09448,STM91544
MAJ09449,CBK90485
MAJ09449,CBK91975
MAJ09449,CBK91976
MAJ09449,CBK91979
MAJ09449,STM91544
MAJ09450,CBK90486
MAJ09450,CBK91975
MAJ09450,CBK91976
MAJ09450,CBK91980
MAJ09450,STM91544
MAJ09451,CBK90481
MAJ09451,CBK91975
MAJ09451,CBK91976
MAJ09451,CBK91981
MAJ09451,STM91544
MAJ09452,CBK90484
MAJ09452,CBK91975
MAJ09452,CBK91976
MAJ09452,CBK91982
MAJ09452,STM91544
MAJ09453,CBK90480
MAJ09453,CBK92074
MAJ09454,CBK90483
MAJ09454,CBK92075
MAJ09455,CBK90485
MAJ09455,CBK92076
MAJ09456,CBK90486
MAJ09456,CBK92077
MAJ09457,CBK90481
MAJ09457,CBK92078
MAJ09458,CBK90484
MAJ09458,CBK92079
MAJ09470,CBK90480
MAJ09470,STM91649
MAJ09471,CBK90483
MAJ09471,STM91650
MAJ09472,CBK90485
MAJ09472,STM91651
MAJ09473,CBK90486
MAJ09473,STM91652
MAJ09474,CBK90481
MAJ09474,STM91653
MAJ09475,CBK90484
MAJ09475,STM91654
MAJ10048,STM91123
MAJ10048,STM91124
MAJ10054,CBK91775
MAJ10054,STM90763
MAJ10054,STM91297
MAJ10058,CBK92047
SMJ02038,CBK90802
SMJ02038,STM90695
SMJ02038,STM90695
SMJ03052,STM91187
SMJ03052,STM91187
SMJ03063,CBK91232
SMJ03065,CBK91232
SMJ03066,CBK91232
SMJ03432,CBK91232
SMJ03433,CBK92029
SMJ08116,STM90704
SMJ08116,STM90704
SMJ08139,CBK90166
SMJ08215,STM90704
SMJ08215,STM90704
SMJ08215,STM90705
SMJ08215,STM90705
SMJ09030,CBK90167
SMJ09034,STM91314
SMJ09034,STM91314
SMJ09034,STM91315
SMJ09034,STM91315
SMJ09034,STM91316
SMJ09034,STM91316
SMJ09034,STM91317
SMJ09034,STM91317
SMJ09034,STM91318
SMJ09034,STM91318
SMJ09034,STM91322
SMJ09034,STM91322
SMJ09035,CBK90494
SMJ09035,CBK90495
SMJ09035,CBK90497
SMJ09035,CBK90498
SMJ09035,CBK90499
SMJ09035,CBK90500
SMJ09036,STM90016
SMJ09036,STM90016
SMJ09036,STM90017
SMJ09036,STM90017
SMJ09036,STM90018
SMJ09036,STM90018
SMJ09036,STM90020
SMJ09036,STM90020
SMJ09036,STM90021
SMJ09036,STM90021
SMJ09036,STM90023
SMJ09036,STM90023
SMJ10053,CBK90996
SMJ10053,STM90869
SMJ10053,STM90869
SMJ10054,CBK90995
SMJ10054,STM90870
SMJ10054,STM90870
SMJ10055,CBK90994
SMJ10055,STM90871
SMJ10055,STM90871
SMJ10056,CBK90993
SMJ10056,STM90872
SMJ10056,STM90872
SMJ10058,CBK90992
SMJ10058,STM90874
SMJ10058,STM90874
SMJ10059,CBK90991
SMJ10059,STM90875
SMJ10059,STM90875
SMJ10061,CBK90989
SMJ10061,STM90877
SMJ10061,STM90877
SMJ10063,CBK90987
SMJ10063,STM90879
SMJ10063,STM90879
SMJ10065,CBK90985
SMJ10065,STM90881
SMJ10065,STM90881
SMJ10066,CBK90984
SMJ10066,STM90882
SMJ10066,STM90882
SMJ10069,CBK91055
SMJ10069,STM90974
SMJ10069,STM90974
SMJ10070,CBK91056
SMJ10070,STM90975
SMJ10070,STM90975
SMJ10071,CBK91057
SMJ10071,STM90976
SMJ10071,STM90976
SMJ10072,CBK91058
SMJ10072,STM90977
SMJ10072,STM90977
SMJ10073,CBK91059
SMJ10073,STM90978
SMJ10073,STM90978
SMJ10089,CBK91742
SMJ10090,CBK91742
SMJ10093,CBK91744
SMJ10093,STM91234
SMJ10093,STM91234
SMJ10094,CBK91748
SMJ10094,STM91237
SMJ10094,STM91237
SMJ10116,CBK91881
SMJ10124,CBK91874
SMJ10124,STM91411
SMJ10124,STM91411
SMJ10128,CBK91890
SMJ10129,CBK91890
SMJ10130,CBK91890
SMJ10131,STM91441
SMJ10131,STM91441
SMJ10131,STM91442
SMJ10131,STM91442
SMJ10131,STM91443
SMJ10131,STM91443
SMJ10131,STM91444
SMJ10131,STM91444
SMJ10131,STM91445
SMJ10131,STM91445
SMJ10131,STM91446
SMJ10131,STM91446
SMJ10131,STM91447
SMJ10131,STM91447
SMJ10131,STM91448
SMJ10131,STM91448
SMJ10131,STM91449
SMJ10131,STM91449
SMJ10149,CBK92005
SMJ10158,CBK92028
SMJ10172,CBK92151
SMJ10172,STM91306
SMJ10172,STM91306
SMJ10172,STM91307
SMJ10172,STM91307
SMJ10172,STM91308
SMJ10172,STM91308
SMJ10172,STM91309
SMJ10172,STM91309
SMJ10172,STM91718
SMJ10172,STM91718
SMJ10196,CBK92069
SMJ10197,CBK92251
SMJ10197,CBK92253
STM90016,CBK90487
STM90017,CBK90490
STM90018,CBK90492
STM90020,CBK90493
STM90021,CBK90488
STM90023,CBK90491
STM90345,CBK91834
STM90523,CBK90169
STM90523,CBK90170
STM90524,CBK90645
STM90524,CBK90646
STM90678,CBK90574
STM90678,STM90681
STM90691,CBK90923
STM90691,CBK91729
STM90691,STM90832
STM90694,CBK92137
STM90697,CBK92198
STM90697,CBK92199
STM90697,STM91763
STM90838,CBK90938
STM90849,CBK91080
STM90860,CBK90957
STM90860,STM90859
STM90861,CBK90955
STM90861,CBK90960
STM90866,CBK90965
STM90866,STM90859
STM90867,CBK90955
STM90867,CBK90966
STM90868,CBK90968
STM90868,STM90859
STM90883,CBK90955
STM90883,CBK90982
STM90884,STM91418
STM90884,STM91419
STM90884,STM91420
STM90898,STM91421
STM90898,STM91422
STM90898,STM91423
STM90912,CBK90716
STM90913,CBK90716
STM90914,CBK90743
STM90916,CBK90968
STM90928,CBK92069
STM90963,CBK91026
STM90963,CBK91027
STM90964,CBK91028
STM90964,CBK91029
STM90965,CBK91030
STM90965,CBK91031
STM90966,CBK91032
STM90966,CBK91033
STM90967,CBK91034
STM90967,CBK91035
STM90969,CBK91038
STM90969,STM90974
STM90970,CBK91039
STM90970,STM90975
STM90971,CBK91040
STM90971,STM90976
STM90972,CBK91041
STM90972,STM90977
STM90973,CBK91042
STM90973,STM90978
STM90981,CBK91025
STM90982,CBK91025
STM90983,CBK91044
STM90996,CBK91971
STM91004,CBK90655
STM91004,STM90679
STM91004,STM90697
STM91005,CBK90572
STM91005,STM90697
STM91005,STM91003
STM91006,MAJ01126
STM91006,STM90694
STM91006,STM91002
STM91007,CBK90573
STM91007,STM90680
STM91007,STM90694
STM91018,CBK91079
STM91018,CBK92069
STM91018,CBK92241
STM91029,CBK91045
STM91030,CBK91045
STM91052,CBK90923
STM91052,CBK91731
STM91052,STM90832
STM91120,CBK90955
STM91120,CBK90982
STM91139,CBK91168
STM91139,STM91140
STM91156,CBK91201
STM91156,STM90859
STM91158,CBK91202
STM91158,CBK91203
STM91161,CBK91235
STM91162,CBK92059
STM91235,CBK91745
STM91235,STM91234
STM91236,CBK91744
STM91236,CBK91746
STM91260,CBK91185
STM91260,STM91135
STM91260,STM91136
STM91260,STM91137
STM91260,STM91359
STM91262,STM91263
STM91333,CBK91791
STM91334,CBK91791
STM91336,CBK91791
STM91336,STM91248
STM91336,STM91249
STM91336,STM91250
STM91337,CBK91792
STM91338,CBK91791
STM91338,STM91251
STM91378,CBK91824
STM91378,STM91377
STM91390,CBK91835
STM91390,STM91383
STM91391,CBK91833
STM91391,STM91383
STM91393,CBK91835
STM91401,CBK91867
STM91405,CBK91868
STM91405,CBK91870
STM91406,CBK91868
STM91406,CBK91871
STM91407,CBK91871
STM91407,CBK91872
STM91413,CBK91875
STM91414,CBK92204
STM91428,STM91429
STM91428,STM91430
STM91438,CBK91887
STM91438,SMJ10127
STM91459,CBK91903
STM91459,CBK91904
STM91467,CBK91911
STM91468,CBK91912
STM91469,CBK91912
STM91470,CBK91911
STM91471,CBK91913
STM91471,STM91473
STM91471,STM91474
STM91472,CBK91913
STM91472,CBK91914
STM91472,STM91475
STM91490,CBK91999
STM91495,STM90679
STM91495,STM91490
STM91496,STM90680
STM91496,STM91491
STM91497,STM90681
STM91497,STM91492
STM91514,CBK92069
STM91521,MAJ01082
STM91521,MAJ01112
STM91556,STM91557
STM91556,STM91558
STM91562,CBK91992
STM91562,STM91551
STM91563,CBK92008
STM91563,STM91460
STM91568,CBK92069
STM91572,CBK92017
STM91594,STM91595
STM91594,STM91596
STM91633,MAJ07142
STM91633,MAJ08438
STM91634,MAJ07143
STM91634,MAJ09209
STM91638,STM91640
STM91638,STM91641
STM91662,CBK92071
STM91662,CBK92072
STM91707,CBK92072
STM91712,CBK90232
STM91712,MAJ01173
STM91712,STM91002
STM91713,CBK92137
STM91713,MAJ01174
STM91713,STM90680
STM91744,CBK92174
STM91744,STM91750
STM91745,CBK92168
STM91745,STM91829
STM91746,CBK92176
STM91746,STM91753
STM91747,CBK92178
STM91747,STM91755
STM91748,CBK92177
STM91748,STM91754
STM91751,CBK92172
STM91752,CBK92170
STM91756,CBK92179
STM91756,CBK92180
STM91757,CBK92179
STM91757,CBK92181
STM91759,CBK92069
STM91761,CBK92137
STM91761,CBK92190
STM91762,CBK90232
STM91762,CBK92191
STM91763,CBK92137
STM91763,CBK92192
STM91765,CBK92069
STM91770,STM91557
STM91770,STM91558
STM91772,CBK91821
STM91772,CBK92202
STM91779,MAJ01188
STM91779,STM91778
STM91780,CBK92140
STM91780,STM91299
STM91783,CBK92208
STM91783,STM90792
